"Timestamp","Username","Do you use/rent scooters in your hometown or in the campus?","What type of scooters do you prefer a gas engine scooter or an electric type? If electric scooters are not available would you like to have them as an option?","Do you feel the current gas engine two wheeler ecosystem around the campus could be cheaper?","How do you think your current scooter usage experience can be improved?(Considering the conditions around the campus)","Do you think electric scooters are going to replace gas engine scooters in the future?","Do you find electric scooters worth the hassle to replace?","Would you like the same option in a geared vehicle also?","Do you feel like public charging stations with constant and cheaper prices should be introduced?","Is it better to charge your EV at home or at a public charger? If no then why.","Which of the following factors may encourage you to buy EV vehicles?",""
"2022/11/04 10:33:15 PM GMT+5:30","patelvismay003@gmail.com","Yes","Would like to try someday","Yes","We can get pay and use scooter system.","Yes","Yes","Yes","Yes","It's better at home.","High technology features;Cheaper fuel;Efficiency",""
"2022/11/04 10:33:46 PM GMT+5:30","dubeypiyush622@gmail.com","No","Electric","Yes","No comments ","Yes","No","Yes","No","No comments ","High technology features","Option 1"
"2022/11/04 10:36:09 PM GMT+5:30","venkatesh.kumar2021@vitstudent.ac.in","Yes","Gas engine","Yes","By decreasing petrol prices","Yes","No","Yes","No","Both","Cheaper fuel","Option 1"
"2022/11/04 10:36:14 PM GMT+5:30","pudi.rajesh2021@vitstudent.ac.in","Yes","Gas engine","No","","Yes","Yes","Yes","Yes","","Comfort and smoothness","Option 1"
"2022/11/04 10:37:49 PM GMT+5:30","singhvi.india@gmail.com","Yes","Gas engine","Yes","Ok","Yes","Yes","Yes","Yes","Ok","Comfort and smoothness","Option 1"
"2022/11/04 10:38:50 PM GMT+5:30","aneesh.chatterjee2021@vitstudent.ac.in","Yes","Would like to try someday","Yes","allow students to keep there own vehicle ","Yes","Yes","Yes","Yes","yes","High technology features;Cheaper fuel;Efficiency","Option 1"
"2022/11/04 10:40:55 PM GMT+5:30","aditya.nigadge14@gmail.com","Yes","Would like to try someday","Yes","By making it sustainable and eco-friendly.","Yes","Yes","Yes","Yes","","Comfort and smoothness;High technology features;Cheaper fuel",""
"2022/11/04 10:41:20 PM GMT+5:30","ellwilsharmaindia@gmail.com","Yes","Gas engine","Yes","Yes should be cheaper ","Yes","Yes","Yes","Yes","Public because cheaper","Comfort and smoothness;High technology features;Cheaper fuel;Efficiency","Option 1"
"2022/11/04 10:45:01 PM GMT+5:30","aumpagar@gmail.com","Yes","Electric","No","If the condition of scooter is good, they are easily available","Yes","Yes","Yes","Yes","at home","Comfort and smoothness;High technology features;Cheaper fuel;Efficiency",""
"2022/11/04 10:45:31 PM GMT+5:30","saniyavijayvargiya@gmail.com","Yes","Would like to try someday","Yes","","No","Yes","Yes","Yes","","Cheaper fuel;Efficiency",""
"2022/11/04 10:47:28 PM GMT+5:30","yashrajshivhare007@gmail.com","No","Electric","No","Op
","No","No","No","No","Op
","Efficiency","Option 1"
"2022/11/04 10:47:47 PM GMT+5:30","yashwardhanrajput@gmail.com","Yes","Electric","No","Sex","Yes","Yes","Yes","No","Sex ","High technology features","Option 1"
"2022/11/04 10:48:00 PM GMT+5:30","21babba198@sls.pdpu.ac.in","Yes","Electric","Yes","","Yes","Yes","Yes","Yes","","Comfort and smoothness;High technology features;Cheaper fuel;Efficiency","Option 1"
"2022/11/04 10:49:03 PM GMT+5:30","likhith14062004@gmail.com","Yes","Gas engine","Yes","Serviced vehicles must be provided ","No","No","Yes","Yes","","",""
"2022/11/04 10:49:05 PM GMT+5:30","khaider29082000@gmail.com","Yes","Gas engine","Yes","","Yes","Yes","Yes","Yes","Yes","Comfort and smoothness;High technology features;Cheaper fuel;Efficiency",""
"2022/11/04 10:50:58 PM GMT+5:30","aaravmaan10@gmail.com","Yes","Gas engine","Yes","no","Yes","Yes","Yes","Yes","no, it puts a lot of strain on the home connections which arent designed to charge them.","High technology features;Cheaper fuel;Efficiency","Option 1"
"2022/11/04 10:51:06 PM GMT+5:30","namra.nadeem2021@vitstudents.ac.in","No","Gas engine","Yes","","Yes","No","No","Yes","","Cheaper fuel",""
"2022/11/04 10:52:46 PM GMT+5:30","christosvamsi@gmail.com","No","Gas engine","No","Not sure","Yes","Yes","Yes","Yes","Both are better","Comfort and smoothness;High technology features;Cheaper fuel;Efficiency",""
"2022/11/04 10:54:22 PM GMT+5:30","bhargav.ravani663@nmims.edu.in","Yes","Gas engine","Yes","Yes maintenance is required ","Yes","Yes","Yes","Yes","Public charger ","Comfort and smoothness;High technology features;Cheaper fuel;Efficiency",""
"2022/11/04 10:55:57 PM GMT+5:30","oindrila.choudhury03@gmail.com","No","Gas engine","Yes","","Yes","No","Yes","No","","High technology features","Option 1"
"2022/11/04 10:59:55 PM GMT+5:30","gurung.bidhant@gmail.com","No","Electric","Yes","Yes","Yes","Yes","Yes","Yes","public. free electricity","Comfort and smoothness;High technology features;Cheaper fuel;Efficiency",""
"2022/11/04 11:01:56 PM GMT+5:30","bahetimadhav70@gmail.com","No","Would like to try someday","No","","Yes","Yes","No","Yes","","Comfort and smoothness;High technology features;Cheaper fuel;Efficiency",""
"2022/11/04 11:10:06 PM GMT+5:30","sharpseher@gmail.com","No","Electric","No","More accessible parking spots around academic blocks and hostel buildings and ample charging ports for electric scooters ","Yes","Yes","Yes","Yes","At home, for the sake of convenience, safety and maintenance ","Comfort and smoothness;High technology features;Cheaper fuel;Efficiency",""
"2022/11/04 11:24:03 PM GMT+5:30","mohit.jaiswal2021@vitstudent.ac.in","Yes","Gas engine","Yes","The combustion of the scooty","Yes","No","No","Yes","Yes","Comfort and smoothness;High technology features;Cheaper fuel;Efficiency",""